{"phones": ["a", "a\u0294", "b", "d", "d\u02b2", "e", "e\u0294", "f", "g", "h", "i", "i\u0294", "j", "k", "k\u02b0", "l", "m", "m\u0294", "n", "n\u0294", "o", "o\u0294", "p", "p\u02b0", "s", "s\u02b0", "t", "t\u0283", "t\u0283\u02b0", "t\u02b2", "x", "z", "\u00a1", "\u00e3", "\u00e3\u0294", "\u00f5", "\u00f5\u0294", "\u0129", "\u0129\u0294", "\u0259", "\u0259\u0294", "\u0259\u0342", "\u0259\u0342\u0294", "\u0268", "\u0268\u0294", "\u0268\u0303", "\u0268\u0303\u0294", "\u0272", "\u0272\u0294", "\u027e", "\u027e\u0294", "\u0283", "\u028b", "\u028b\u0294", "\u1ebd", "\u1ebd\u0294"], "version": "2.0.6", "architecture": "gmm-hmm", "train_date": "2023-02-16 03:14:13.214584", "training": {"audio_duration": 66181.94675000015, "num_speakers": 1, "num_utterances": 10432, "num_oovs": 0, "average_log_likelihood": -0.019551234176686406}, "dictionaries": {"names": ["merged_glottal"], "default": "merged_glottal", "silence_word": "<eps>", "use_g2p": false, "oov_word": "<unk>", "bracketed_word": "[bracketed]", "laughter_word": "[laughter]", "position_dependent_phones": true, "clitic_marker": "'"}, "features": {"type": "mfcc", "use_energy": false, "frame_shift": 10, "frame_length": 25, "snip_edges": true, "low_frequency": 20, "high_frequency": 7800, "sample_frequency": 16000, "allow_downsample": true, "allow_upsample": true, "uses_cmvn": true, "uses_deltas": true, "uses_voiced": false, "uses_splices": false, "uses_speaker_adaptation": true, "use_pitch": false, "min_f0": 50, "max_f0": 500, "delta_pitch": 0.005, "penalty_factor": 0.1}, "oov_phone": "spn", "optional_silence_phone": "sil", "phone_set_type": "UNKNOWN", "silence_probability": 0.2633411136284519, "initial_silence_probability": 0.26, "final_silence_correction": 0.56, "final_non_silence_correction": 1.38}