{"phones": ["a", "b", "d", "d\u02b2", "e", "f", "g", "h", "i", "j", "k", "k\u02b0", "l", "m", "n", "o", "p", "p\u02b0", "s", "s\u02b0", "t", "t\u0283", "t\u0283\u02b0", "t\u02b2", "x", "z", "\u00a1", "\u00e3", "\u00f5", "\u0129", "\u0259", "\u0259\u0342", "\u0268", "\u0268\u0303", "\u0272", "\u027e", "\u0283", "\u028b", "\u0294", "\u1ebd"], "version": "2.0.6", "architecture": "gmm-hmm", "train_date": "2023-01-26 00:28:25.136437", "training": {"audio_duration": 66223.54675000002, "num_speakers": 1, "num_utterances": 10426, "num_oovs": 0, "average_log_likelihood": -0.019172176034799145}, "dictionaries": {"names": ["bible_vocabulary"], "default": "bible_vocabulary", "silence_word": "<eps>", "use_g2p": false, "oov_word": "<unk>", "bracketed_word": "[bracketed]", "laughter_word": "[laughter]", "position_dependent_phones": true, "clitic_marker": "'"}, "features": {"type": "mfcc", "use_energy": false, "frame_shift": 10, "frame_length": 25, "snip_edges": true, "low_frequency": 20, "high_frequency": 7800, "sample_frequency": 16000, "allow_downsample": true, "allow_upsample": true, "uses_cmvn": true, "uses_deltas": true, "uses_voiced": false, "uses_splices": false, "uses_speaker_adaptation": true, "use_pitch": false, "min_f0": 50, "max_f0": 500, "delta_pitch": 0.005, "penalty_factor": 0.1}, "oov_phone": "spn", "optional_silence_phone": "sil", "phone_set_type": "UNKNOWN", "silence_probability": 0.29256550014805394, "initial_silence_probability": 0.29, "final_silence_correction": 0.74, "final_non_silence_correction": 1.26}